mpg,cylinders,displacement,horsepower,weight,acceleration,model_year,origin,car_name,VIN,od_reading,od_reading_dt
18,8,307,130,3504,12,70,1,chevrolet chevelle malibu,3GNBAADB8AS581403,60000,1/1/2018
15,8,350,165,3693,11.5,70,1,buick skylark 320,3GNBAADB8AS581404,60100,1/2/2018
18,8,318,150,3436,11,70,1,plymouth satellite,3GNBAADB8AS581405,60200,1/3/2018
16,8,304,150,3433,12,70,1,amc rebel sst,3GNBAADB8AS581406,60300,1/4/2018
17,8,302,140,3449,10.5,70,1,ford torino,3GNBAADB8AS581407,60400,1/5/2018
15,8,429,198,4341,10,70,1,ford galaxie 500,3GNBAADB8AS581408,60500,1/6/2018
14,8,454,220,4354,9,70,1,chevrolet impala,3GNBAADB8AS581409,60600,1/7/2018
14,8,440,215,4312,8.5,70,1,plymouth fury iii,3GNBAADB8AS581410,60700,1/8/2018
14,8,455,225,4425,10,70,1,pontiac catalina,3GNBAADB8AS581411,60800,1/9/2018
15,8,390,190,3850,8.5,70,1,amc ambassador dpl,3GNBAADB8AS581412,60900,1/10/2018
15,8,383,170,3563,10,70,1,dodge challenger se,3GNBAADB8AS581413,61000,1/11/2018
14,8,340,160,3609,8,70,1,plymouth 'cuda 340,3GNBAADB8AS581414,61100,1/12/2018
15,8,400,150,3761,9.5,70,1,chevrolet monte carlo,3GNBAADB8AS581415,61200,1/13/2018
14,8,455,225,3086,10,70,1,buick estate wagon (sw),3GNBAADB8AS581416,61300,1/14/2018
24,4,113,95,2372,15,70,3,toyota corona mark ii,3GNBAADB8AS581417,61400,1/15/2018
22,6,198,95,2833,15.5,70,1,plymouth duster,3GNBAADB8AS581418,61500,1/16/2018
18,6,199,97,2774,15.5,70,1,amc hornet,3GNBAADB8AS581419,61600,1/17/2018
21,6,200,85,2587,16,70,1,ford maverick,3GNBAADB8AS581420,61700,1/18/2018
27,4,97,88,2130,14.5,70,3,datsun pl510,3GNBAADB8AS581421,61800,1/19/2018
26,4,97,46,1835,20.5,70,2,volkswagen 1131 deluxe sedan,3GNBAADB8AS581422,61900,1/20/2018
25,4,110,87,2672,17.5,70,2,peugeot 504,3GNBAADB8AS581423,62000,1/21/2018
24,4,107,90,2430,14.5,70,2,audi 100 ls,3GNBAADB8AS581424,62100,1/22/2018
25,4,104,95,2375,17.5,70,2,saab 99e,3GNBAADB8AS581425,62200,1/23/2018
26,4,121,113,2234,12.5,70,2,bmw 2002,3GNBAADB8AS581426,62300,1/24/2018
21,6,199,90,2648,15,70,1,amc gremlin,3GNBAADB8AS581427,62400,1/25/2018
10,8,360,215,4615,14,70,1,ford f250,3GNBAADB8AS581428,62500,1/26/2018
10,8,307,200,4376,15,70,1,chevy c20,3GNBAADB8AS581429,62600,1/27/2018
11,8,318,210,4382,13.5,70,1,dodge d200,3GNBAADB8AS581430,62700,1/28/2018
9,8,304,193,4732,18.5,70,1,hi 1200d,3GNBAADB8AS581431,62800,1/29/2018
27,4,97,88,2130,14.5,71,3,datsun pl510,3GNBAADB8AS581432,62900,1/30/2018
28,4,140,90,2264,15.5,71,1,chevrolet vega 2300,3GNBAADB8AS581433,63000,1/31/2018
25,4,113,95,2228,14,71,3,toyota corona,3GNBAADB8AS581434,63100,2/1/2018
25,4,98,?,2046,19,71,1,ford pinto,3GNBAADB8AS581435,63200,2/2/2018
19,6,232,100,2634,13,71,1,amc gremlin,3GNBAADB8AS581436,63300,2/3/2018
16,6,225,105,3439,15.5,71,1,plymouth satellite custom,3GNBAADB8AS581437,63400,2/4/2018
17,6,250,100,3329,15.5,71,1,chevrolet chevelle malibu,3GNBAADB8AS581438,63500,2/5/2018
19,6,250,88,3302,15.5,71,1,ford torino 500,3GNBAADB8AS581439,63600,2/6/2018
18,6,232,100,3288,15.5,71,1,amc matador,3GNBAADB8AS581440,63700,2/7/2018
14,8,350,165,4209,12,71,1,chevrolet impala,3GNBAADB8AS581441,63800,2/8/2018
14,8,400,175,4464,11.5,71,1,pontiac catalina brougham,3GNBAADB8AS581442,63900,2/9/2018
14,8,351,153,4154,13.5,71,1,ford galaxie 500,3GNBAADB8AS581443,64000,2/10/2018
14,8,318,150,4096,13,71,1,plymouth fury iii,3GNBAADB8AS581444,64100,2/11/2018
12,8,383,180,4955,11.5,71,1,dodge monaco (sw),3GNBAADB8AS581445,64200,2/12/2018
13,8,400,170,4746,12,71,1,ford country squire (sw),3GNBAADB8AS581446,64300,2/13/2018
13,8,400,175,5140,12,71,1,pontiac safari (sw),3GNBAADB8AS581447,64400,2/14/2018
18,6,258,110,2962,13.5,71,1,amc hornet sportabout (sw),3GNBAADB8AS581448,64500,2/15/2018
22,4,140,72,2408,19,71,1,chevrolet vega (sw),3GNBAADB8AS581449,64600,2/16/2018
19,6,250,100,3282,15,71,1,pontiac firebird,3GNBAADB8AS581450,64700,2/17/2018
18,6,250,88,3139,14.5,71,1,ford mustang,3GNBAADB8AS581451,64800,2/18/2018
23,4,122,86,2220,14,71,1,mercury capri 2000,3GNBAADB8AS581452,64900,2/19/2018
28,4,116,90,2123,14,71,2,opel 1900,3GNBAADB8AS581453,65000,2/20/2018
30,4,79,70,2074,19.5,71,2,peugeot 304,3GNBAADB8AS581454,65100,2/21/2018
30,4,88,76,2065,14.5,71,2,fiat 124b,3GNBAADB8AS581455,65200,2/22/2018
31,4,71,65,1773,19,71,3,toyota corolla 1200,3GNBAADB8AS581456,65300,2/23/2018
35,4,72,69,1613,18,71,3,datsun 1200,3GNBAADB8AS581457,65400,2/24/2018
27,4,97,60,1834,19,71,2,volkswagen model 111,3GNBAADB8AS581458,65500,2/25/2018
26,4,91,70,1955,20.5,71,1,plymouth cricket,3GNBAADB8AS581459,65600,2/26/2018
24,4,113,95,2278,15.5,72,3,toyota corona hardtop,3GNBAADB8AS581460,65700,2/27/2018
25,4,97.5,80,2126,17,72,1,dodge colt hardtop,3GNBAADB8AS581461,65800,2/28/2018
23,4,97,54,2254,23.5,72,2,volkswagen type 3,3GNBAADB8AS581462,65900,3/1/2018
20,4,140,90,2408,19.5,72,1,chevrolet vega,3GNBAADB8AS581463,66000,3/2/2018
21,4,122,86,2226,16.5,72,1,ford pinto runabout,3GNBAADB8AS581464,66100,3/3/2018
13,8,350,165,4274,12,72,1,chevrolet impala,3GNBAADB8AS581465,66200,3/4/2018
14,8,400,175,4385,12,72,1,pontiac catalina,3GNBAADB8AS581466,66300,3/5/2018
15,8,318,150,4135,13.5,72,1,plymouth fury iii,3GNBAADB8AS581467,66400,3/6/2018
14,8,351,153,4129,13,72,1,ford galaxie 500,3GNBAADB8AS581468,66500,3/7/2018
17,8,304,150,3672,11.5,72,1,amc ambassador sst,3GNBAADB8AS581469,66600,3/8/2018
11,8,429,208,4633,11,72,1,mercury marquis,3GNBAADB8AS581470,66700,3/9/2018
13,8,350,155,4502,13.5,72,1,buick lesabre custom,3GNBAADB8AS581471,66800,3/10/2018
12,8,350,160,4456,13.5,72,1,oldsmobile delta 88 royale,3GNBAADB8AS581472,66900,3/11/2018
13,8,400,190,4422,12.5,72,1,chrysler newport royal,3GNBAADB8AS581473,67000,3/12/2018
19,3,70,97,2330,13.5,72,3,mazda rx2 coupe,3GNBAADB8AS581474,67100,3/13/2018
15,8,304,150,3892,12.5,72,1,amc matador (sw),3GNBAADB8AS581475,67200,3/14/2018
13,8,307,130,4098,14,72,1,chevrolet chevelle concours (sw),3GNBAADB8AS581476,67300,3/15/2018
13,8,302,140,4294,16,72,1,ford gran torino (sw),3GNBAADB8AS581477,67400,3/16/2018
14,8,318,150,4077,14,72,1,plymouth satellite custom (sw),3GNBAADB8AS581478,67500,3/17/2018
18,4,121,112,2933,14.5,72,2,volvo 145e (sw),3GNBAADB8AS581479,67600,3/18/2018
22,4,121,76,2511,18,72,2,volkswagen 411 (sw),3GNBAADB8AS581480,67700,3/19/2018
21,4,120,87,2979,19.5,72,2,peugeot 504 (sw),3GNBAADB8AS581481,67800,3/20/2018
26,4,96,69,2189,18,72,2,renault 12 (sw),3GNBAADB8AS581482,67900,3/21/2018
22,4,122,86,2395,16,72,1,ford pinto (sw),3GNBAADB8AS581483,68000,3/22/2018
28,4,97,92,2288,17,72,3,datsun 510 (sw),3GNBAADB8AS581484,68100,3/23/2018
23,4,120,97,2506,14.5,72,3,toyouta corona mark ii (sw),3GNBAADB8AS581485,68200,3/24/2018
28,4,98,80,2164,15,72,1,dodge colt (sw),3GNBAADB8AS581486,68300,3/25/2018
27,4,97,88,2100,16.5,72,3,toyota corolla 1600 (sw),3GNBAADB8AS581487,68400,3/26/2018
13,8,350,175,4100,13,73,1,buick century 350,3GNBAADB8AS581488,68500,3/27/2018
14,8,304,150,3672,11.5,73,1,amc matador,3GNBAADB8AS581489,68600,3/28/2018
13,8,350,145,3988,13,73,1,chevrolet malibu,3GNBAADB8AS581490,68700,3/29/2018
14,8,302,137,4042,14.5,73,1,ford gran torino,3GNBAADB8AS581491,68800,3/30/2018
15,8,318,150,3777,12.5,73,1,dodge coronet custom,3GNBAADB8AS581492,68900,3/31/2018
12,8,429,198,4952,11.5,73,1,mercury marquis brougham,3GNBAADB8AS581493,69000,4/1/2018
13,8,400,150,4464,12,73,1,chevrolet caprice classic,3GNBAADB8AS581494,69100,4/2/2018
13,8,351,158,4363,13,73,1,ford ltd,3GNBAADB8AS581495,69200,4/3/2018
14,8,318,150,4237,14.5,73,1,plymouth fury gran sedan,3GNBAADB8AS581496,69300,4/4/2018
13,8,440,215,4735,11,73,1,chrysler new yorker brougham,3GNBAADB8AS581497,69400,4/5/2018
12,8,455,225,4951,11,73,1,buick electra 225 custom,3GNBAADB8AS581498,69500,4/6/2018
13,8,360,175,3821,11,73,1,amc ambassador brougham,3GNBAADB8AS581499,69600,4/7/2018
18,6,225,105,3121,16.5,73,1,plymouth valiant,3GNBAADB8AS581500,69700,4/8/2018
16,6,250,100,3278,18,73,1,chevrolet nova custom,3GNBAADB8AS581501,69800,4/9/2018
18,6,232,100,2945,16,73,1,amc hornet,3GNBAADB8AS581502,69900,4/10/2018
18,6,250,88,3021,16.5,73,1,ford maverick,3GNBAADB8AS581503,70000,4/11/2018
23,6,198,95,2904,16,73,1,plymouth duster,3GNBAADB8AS581504,70100,4/12/2018
26,4,97,46,1950,21,73,2,volkswagen super beetle,3GNBAADB8AS581505,70200,4/13/2018
11,8,400,150,4997,14,73,1,chevrolet impala,3GNBAADB8AS581506,70300,4/14/2018
12,8,400,167,4906,12.5,73,1,ford country,3GNBAADB8AS581507,70400,4/15/2018
13,8,360,170,4654,13,73,1,plymouth custom suburb,3GNBAADB8AS581508,70500,4/16/2018
12,8,350,180,4499,12.5,73,1,oldsmobile vista cruiser,3GNBAADB8AS581509,70600,4/17/2018
18,6,232,100,2789,15,73,1,amc gremlin,3GNBAADB8AS581510,70700,4/18/2018
20,4,97,88,2279,19,73,3,toyota carina,3GNBAADB8AS581511,70800,4/19/2018
21,4,140,72,2401,19.5,73,1,chevrolet vega,3GNBAADB8AS581512,70900,4/20/2018
22,4,108,94,2379,16.5,73,3,datsun 610,3GNBAADB8AS581513,71000,4/21/2018
18,3,70,90,2124,13.5,73,3,maxda rx3,3GNBAADB8AS581514,71100,4/22/2018
19,4,122,85,2310,18.5,73,1,ford pinto,3GNBAADB8AS581515,71200,4/23/2018
21,6,155,107,2472,14,73,1,mercury capri v6,3GNBAADB8AS581516,71300,4/24/2018
26,4,98,90,2265,15.5,73,2,fiat 124 sport coupe,3GNBAADB8AS581517,71400,4/25/2018
15,8,350,145,4082,13,73,1,chevrolet monte carlo s,3GNBAADB8AS581518,71500,4/26/2018
16,8,400,230,4278,9.5,73,1,pontiac grand prix,3GNBAADB8AS581519,71600,4/27/2018
29,4,68,49,1867,19.5,73,2,fiat 128,3GNBAADB8AS581520,71700,4/28/2018
24,4,116,75,2158,15.5,73,2,opel manta,3GNBAADB8AS581521,71800,4/29/2018
20,4,114,91,2582,14,73,2,audi 100ls,3GNBAADB8AS581522,71900,4/30/2018
19,4,121,112,2868,15.5,73,2,volvo 144ea,3GNBAADB8AS581523,72000,5/1/2018
15,8,318,150,3399,11,73,1,dodge dart custom,3GNBAADB8AS581524,72100,5/2/2018
24,4,121,110,2660,14,73,2,saab 99le,3GNBAADB8AS581525,72200,5/3/2018
20,6,156,122,2807,13.5,73,3,toyota mark ii,3GNBAADB8AS581526,72300,5/4/2018
11,8,350,180,3664,11,73,1,oldsmobile omega,3GNBAADB8AS581527,72400,5/5/2018
20,6,198,95,3102,16.5,74,1,plymouth duster,3GNBAADB8AS581528,72500,5/6/2018
21,6,200,?,2875,17,74,1,ford maverick,3GNBAADB8AS581529,72600,5/7/2018
19,6,232,100,2901,16,74,1,amc hornet,3GNBAADB8AS581530,72700,5/8/2018
15,6,250,100,3336,17,74,1,chevrolet nova,3GNBAADB8AS581531,72800,5/9/2018
31,4,79,67,1950,19,74,3,datsun b210,3GNBAADB8AS581532,72900,5/10/2018
26,4,122,80,2451,16.5,74,1,ford pinto,3GNBAADB8AS581533,73000,5/11/2018
32,4,71,65,1836,21,74,3,toyota corolla 1200,3GNBAADB8AS581534,73100,5/12/2018
25,4,140,75,2542,17,74,1,chevrolet vega,3GNBAADB8AS581535,73200,5/13/2018
16,6,250,100,3781,17,74,1,chevrolet chevelle malibu classic,3GNBAADB8AS581536,73300,5/14/2018
16,6,258,110,3632,18,74,1,amc matador,3GNBAADB8AS581537,73400,5/15/2018
18,6,225,105,3613,16.5,74,1,plymouth satellite sebring,3GNBAADB8AS581538,73500,5/16/2018
16,8,302,140,4141,14,74,1,ford gran torino,3GNBAADB8AS581539,73600,5/17/2018
13,8,350,150,4699,14.5,74,1,buick century luxus (sw),3GNBAADB8AS581540,73700,5/18/2018
14,8,318,150,4457,13.5,74,1,dodge coronet custom (sw),3GNBAADB8AS581541,73800,5/19/2018
14,8,302,140,4638,16,74,1,ford gran torino (sw),3GNBAADB8AS581542,73900,5/20/2018
14,8,304,150,4257,15.5,74,1,amc matador (sw),3GNBAADB8AS581543,74000,5/21/2018
29,4,98,83,2219,16.5,74,2,audi fox,3GNBAADB8AS581544,74100,5/22/2018
26,4,79,67,1963,15.5,74,2,volkswagen dasher,3GNBAADB8AS581545,74200,5/23/2018
26,4,97,78,2300,14.5,74,2,opel manta,3GNBAADB8AS581546,74300,5/24/2018
31,4,76,52,1649,16.5,74,3,toyota corona,3GNBAADB8AS581547,74400,5/25/2018
32,4,83,61,2003,19,74,3,datsun 710,3GNBAADB8AS581548,74500,5/26/2018
28,4,90,75,2125,14.5,74,1,dodge colt,3GNBAADB8AS581549,74600,5/27/2018
24,4,90,75,2108,15.5,74,2,fiat 128,3GNBAADB8AS581550,74700,5/28/2018
26,4,116,75,2246,14,74,2,fiat 124 tc,3GNBAADB8AS581551,74800,5/29/2018
24,4,120,97,2489,15,74,3,honda civic,3GNBAADB8AS581552,74900,5/30/2018
26,4,108,93,2391,15.5,74,3,subaru,3GNBAADB8AS581553,75000,5/31/2018
31,4,79,67,2000,16,74,2,fiat x1.9,3GNBAADB8AS581554,75100,6/1/2018
19,6,225,95,3264,16,75,1,plymouth valiant custom,3GNBAADB8AS581555,75200,6/2/2018
18,6,250,105,3459,16,75,1,chevrolet nova,3GNBAADB8AS581556,75300,6/3/2018
15,6,250,72,3432,21,75,1,mercury monarch,3GNBAADB8AS581557,75400,6/4/2018
15,6,250,72,3158,19.5,75,1,ford maverick,3GNBAADB8AS581558,75500,6/5/2018
16,8,400,170,4668,11.5,75,1,pontiac catalina,3GNBAADB8AS581559,75600,6/6/2018
15,8,350,145,4440,14,75,1,chevrolet bel air,3GNBAADB8AS581560,75700,6/7/2018
16,8,318,150,4498,14.5,75,1,plymouth grand fury,3GNBAADB8AS581561,75800,6/8/2018
14,8,351,148,4657,13.5,75,1,ford ltd,3GNBAADB8AS581562,75900,6/9/2018
17,6,231,110,3907,21,75,1,buick century,3GNBAADB8AS581563,76000,6/10/2018
16,6,250,105,3897,18.5,75,1,chevroelt chevelle malibu,3GNBAADB8AS581564,76100,6/11/2018
15,6,258,110,3730,19,75,1,amc matador,3GNBAADB8AS581565,76200,6/12/2018
18,6,225,95,3785,19,75,1,plymouth fury,3GNBAADB8AS581566,76300,6/13/2018
21,6,231,110,3039,15,75,1,buick skyhawk,3GNBAADB8AS581567,76400,6/14/2018
20,8,262,110,3221,13.5,75,1,chevrolet monza 2+2,3GNBAADB8AS581568,76500,6/15/2018
13,8,302,129,3169,12,75,1,ford mustang ii,3GNBAADB8AS581569,76600,6/16/2018
29,4,97,75,2171,16,75,3,toyota corolla,3GNBAADB8AS581570,76700,6/17/2018
23,4,140,83,2639,17,75,1,ford pinto,3GNBAADB8AS581571,76800,6/18/2018
20,6,232,100,2914,16,75,1,amc gremlin,3GNBAADB8AS581572,76900,6/19/2018
23,4,140,78,2592,18.5,75,1,pontiac astro,3GNBAADB8AS581573,77000,6/20/2018
24,4,134,96,2702,13.5,75,3,toyota corona,3GNBAADB8AS581574,77100,6/21/2018
25,4,90,71,2223,16.5,75,2,volkswagen dasher,3GNBAADB8AS581575,77200,6/22/2018
24,4,119,97,2545,17,75,3,datsun 710,3GNBAADB8AS581576,77300,6/23/2018
18,6,171,97,2984,14.5,75,1,ford pinto,3GNBAADB8AS581577,77400,6/24/2018
29,4,90,70,1937,14,75,2,volkswagen rabbit,3GNBAADB8AS581578,77500,6/25/2018
19,6,232,90,3211,17,75,1,amc pacer,3GNBAADB8AS581579,77600,6/26/2018
23,4,115,95,2694,15,75,2,audi 100ls,3GNBAADB8AS581580,77700,6/27/2018
23,4,120,88,2957,17,75,2,peugeot 504,3GNBAADB8AS581581,77800,6/28/2018
22,4,121,98,2945,14.5,75,2,volvo 244dl,3GNBAADB8AS581582,77900,6/29/2018
25,4,121,115,2671,13.5,75,2,saab 99le,3GNBAADB8AS581583,78000,6/30/2018
33,4,91,53,1795,17.5,75,3,honda civic cvcc,3GNBAADB8AS581584,78100,7/1/2018
28,4,107,86,2464,15.5,76,2,fiat 131,3GNBAADB8AS581585,78200,7/2/2018
25,4,116,81,2220,16.9,76,2,opel 1900,3GNBAADB8AS581586,78300,7/3/2018
25,4,140,92,2572,14.9,76,1,capri ii,3GNBAADB8AS581587,78400,7/4/2018
26,4,98,79,2255,17.7,76,1,dodge colt,3GNBAADB8AS581588,78500,7/5/2018
27,4,101,83,2202,15.3,76,2,renault 12tl,3GNBAADB8AS581589,78600,7/6/2018
17.5,8,305,140,4215,13,76,1,chevrolet chevelle malibu classic,3GNBAADB8AS581590,78700,7/7/2018
16,8,318,150,4190,13,76,1,dodge coronet brougham,3GNBAADB8AS581591,78800,7/8/2018
15.5,8,304,120,3962,13.9,76,1,amc matador,3GNBAADB8AS581592,78900,7/9/2018
14.5,8,351,152,4215,12.8,76,1,ford gran torino,3GNBAADB8AS581593,79000,7/10/2018
22,6,225,100,3233,15.4,76,1,plymouth valiant,3GNBAADB8AS581594,79100,7/11/2018
22,6,250,105,3353,14.5,76,1,chevrolet nova,3GNBAADB8AS581595,79200,7/12/2018
24,6,200,81,3012,17.6,76,1,ford maverick,3GNBAADB8AS581596,79300,7/13/2018
22.5,6,232,90,3085,17.6,76,1,amc hornet,3GNBAADB8AS581597,79400,7/14/2018
29,4,85,52,2035,22.2,76,1,chevrolet chevette,3GNBAADB8AS581598,79500,7/15/2018
24.5,4,98,60,2164,22.1,76,1,chevrolet woody,3GNBAADB8AS581599,79600,7/16/2018
29,4,90,70,1937,14.2,76,2,vw rabbit,3GNBAADB8AS581600,79700,7/17/2018
33,4,91,53,1795,17.4,76,3,honda civic,3GNBAADB8AS581601,79800,7/18/2018
20,6,225,100,3651,17.7,76,1,dodge aspen se,3GNBAADB8AS581602,79900,7/19/2018
18,6,250,78,3574,21,76,1,ford granada ghia,3GNBAADB8AS581603,80000,7/20/2018
18.5,6,250,110,3645,16.2,76,1,pontiac ventura sj,3GNBAADB8AS581604,80100,7/21/2018
17.5,6,258,95,3193,17.8,76,1,amc pacer d/l,3GNBAADB8AS581605,80200,7/22/2018
29.5,4,97,71,1825,12.2,76,2,volkswagen rabbit,3GNBAADB8AS581606,80300,7/23/2018
32,4,85,70,1990,17,76,3,datsun b-210,3GNBAADB8AS581607,80400,7/24/2018
28,4,97,75,2155,16.4,76,3,toyota corolla,3GNBAADB8AS581608,80500,7/25/2018
26.5,4,140,72,2565,13.6,76,1,ford pinto,3GNBAADB8AS581609,80600,7/26/2018
20,4,130,102,3150,15.7,76,2,volvo 245,3GNBAADB8AS581610,80700,7/27/2018
13,8,318,150,3940,13.2,76,1,plymouth volare premier v8,3GNBAADB8AS581611,80800,7/28/2018
19,4,120,88,3270,21.9,76,2,peugeot 504,3GNBAADB8AS581612,80900,7/29/2018
19,6,156,108,2930,15.5,76,3,toyota mark ii,3GNBAADB8AS581613,81000,7/30/2018
16.5,6,168,120,3820,16.7,76,2,mercedes-benz 280s,3GNBAADB8AS581614,81100,7/31/2018
16.5,8,350,180,4380,12.1,76,1,cadillac seville,3GNBAADB8AS581615,81200,8/1/2018
13,8,350,145,4055,12,76,1,chevy c10,3GNBAADB8AS581616,81300,8/2/2018
13,8,302,130,3870,15,76,1,ford f108,3GNBAADB8AS581617,81400,8/3/2018
13,8,318,150,3755,14,76,1,dodge d100,3GNBAADB8AS581618,81500,8/4/2018
31.5,4,98,68,2045,18.5,77,3,honda accord cvcc,3GNBAADB8AS581619,81600,8/5/2018
30,4,111,80,2155,14.8,77,1,buick opel isuzu deluxe,3GNBAADB8AS581620,81700,8/6/2018
36,4,79,58,1825,18.6,77,2,renault 5 gtl,3GNBAADB8AS581621,81800,8/7/2018
25.5,4,122,96,2300,15.5,77,1,plymouth arrow gs,3GNBAADB8AS581622,81900,8/8/2018
33.5,4,85,70,1945,16.8,77,3,datsun f-10 hatchback,3GNBAADB8AS581623,82000,8/9/2018
17.5,8,305,145,3880,12.5,77,1,chevrolet caprice classic,3GNBAADB8AS581624,82100,8/10/2018
17,8,260,110,4060,19,77,1,oldsmobile cutlass supreme,3GNBAADB8AS581625,82200,8/11/2018
15.5,8,318,145,4140,13.7,77,1,dodge monaco brougham,3GNBAADB8AS581626,82300,8/12/2018
15,8,302,130,4295,14.9,77,1,mercury cougar brougham,3GNBAADB8AS581627,82400,8/13/2018
17.5,6,250,110,3520,16.4,77,1,chevrolet concours,3GNBAADB8AS581628,82500,8/14/2018
20.5,6,231,105,3425,16.9,77,1,buick skylark,3GNBAADB8AS581629,82600,8/15/2018
19,6,225,100,3630,17.7,77,1,plymouth volare custom,3GNBAADB8AS581630,82700,8/16/2018
18.5,6,250,98,3525,19,77,1,ford granada,3GNBAADB8AS581631,82800,8/17/2018
16,8,400,180,4220,11.1,77,1,pontiac grand prix lj,3GNBAADB8AS581632,82900,8/18/2018
15.5,8,350,170,4165,11.4,77,1,chevrolet monte carlo landau,3GNBAADB8AS581633,83000,8/19/2018
15.5,8,400,190,4325,12.2,77,1,chrysler cordoba,3GNBAADB8AS581634,83100,8/20/2018
16,8,351,149,4335,14.5,77,1,ford thunderbird,3GNBAADB8AS581635,83200,8/21/2018
29,4,97,78,1940,14.5,77,2,volkswagen rabbit custom,3GNBAADB8AS581636,83300,8/22/2018
24.5,4,151,88,2740,16,77,1,pontiac sunbird coupe,3GNBAADB8AS581637,83400,8/23/2018
26,4,97,75,2265,18.2,77,3,toyota corolla liftback,3GNBAADB8AS581638,83500,8/24/2018
25.5,4,140,89,2755,15.8,77,1,ford mustang ii 2+2,3GNBAADB8AS581639,83600,8/25/2018
30.5,4,98,63,2051,17,77,1,chevrolet chevette,3GNBAADB8AS581640,83700,8/26/2018
33.5,4,98,83,2075,15.9,77,1,dodge colt m/m,3GNBAADB8AS581641,83800,8/27/2018
30,4,97,67,1985,16.4,77,3,subaru dl,3GNBAADB8AS581642,83900,8/28/2018
30.5,4,97,78,2190,14.1,77,2,volkswagen dasher,3GNBAADB8AS581643,84000,8/29/2018
22,6,146,97,2815,14.5,77,3,datsun 810,3GNBAADB8AS581644,84100,8/30/2018
21.5,4,121,110,2600,12.8,77,2,bmw 320i,3GNBAADB8AS581645,84200,8/31/2018
21.5,3,80,110,2720,13.5,77,3,mazda rx-4,3GNBAADB8AS581646,84300,9/1/2018
43.1,4,90,48,1985,21.5,78,2,volkswagen rabbit custom diesel,3GNBAADB8AS581647,84400,9/2/2018
36.1,4,98,66,1800,14.4,78,1,ford fiesta,3GNBAADB8AS581648,84500,9/3/2018
32.8,4,78,52,1985,19.4,78,3,mazda glc deluxe,3GNBAADB8AS581649,84600,9/4/2018
39.4,4,85,70,2070,18.6,78,3,datsun b210 gx,3GNBAADB8AS581650,84700,9/5/2018
36.1,4,91,60,1800,16.4,78,3,honda civic cvcc,3GNBAADB8AS581651,84800,9/6/2018
19.9,8,260,110,3365,15.5,78,1,oldsmobile cutlass salon brougham,3GNBAADB8AS581652,84900,9/7/2018
19.4,8,318,140,3735,13.2,78,1,dodge diplomat,3GNBAADB8AS581653,85000,9/8/2018
20.2,8,302,139,3570,12.8,78,1,mercury monarch ghia,3GNBAADB8AS581654,85100,9/9/2018
19.2,6,231,105,3535,19.2,78,1,pontiac phoenix lj,3GNBAADB8AS581655,85200,9/10/2018
20.5,6,200,95,3155,18.2,78,1,chevrolet malibu,3GNBAADB8AS581656,85300,9/11/2018
20.2,6,200,85,2965,15.8,78,1,ford fairmont (auto),3GNBAADB8AS581657,85400,9/12/2018
25.1,4,140,88,2720,15.4,78,1,ford fairmont (man),3GNBAADB8AS581658,85500,9/13/2018
20.5,6,225,100,3430,17.2,78,1,plymouth volare,3GNBAADB8AS581659,85600,9/14/2018
19.4,6,232,90,3210,17.2,78,1,amc concord,3GNBAADB8AS581660,85700,9/15/2018
20.6,6,231,105,3380,15.8,78,1,buick century special,3GNBAADB8AS581661,85800,9/16/2018
20.8,6,200,85,3070,16.7,78,1,mercury zephyr,3GNBAADB8AS581662,85900,9/17/2018
18.6,6,225,110,3620,18.7,78,1,dodge aspen,3GNBAADB8AS581663,86000,9/18/2018
18.1,6,258,120,3410,15.1,78,1,amc concord d/l,3GNBAADB8AS581664,86100,9/19/2018
19.2,8,305,145,3425,13.2,78,1,chevrolet monte carlo landau,3GNBAADB8AS581665,86200,9/20/2018
17.7,6,231,165,3445,13.4,78,1,buick regal sport coupe (turbo),3GNBAADB8AS581666,86300,9/21/2018
18.1,8,302,139,3205,11.2,78,1,ford futura,3GNBAADB8AS581667,86400,9/22/2018
17.5,8,318,140,4080,13.7,78,1,dodge magnum xe,3GNBAADB8AS581668,86500,9/23/2018
30,4,98,68,2155,16.5,78,1,chevrolet chevette,3GNBAADB8AS581669,86600,9/24/2018
27.5,4,134,95,2560,14.2,78,3,toyota corona,3GNBAADB8AS581670,86700,9/25/2018
27.2,4,119,97,2300,14.7,78,3,datsun 510,3GNBAADB8AS581671,86800,9/26/2018
30.9,4,105,75,2230,14.5,78,1,dodge omni,3GNBAADB8AS581672,86900,9/27/2018
21.1,4,134,95,2515,14.8,78,3,toyota celica gt liftback,3GNBAADB8AS581673,87000,9/28/2018
23.2,4,156,105,2745,16.7,78,1,plymouth sapporo,3GNBAADB8AS581674,87100,9/29/2018
23.8,4,151,85,2855,17.6,78,1,oldsmobile starfire sx,3GNBAADB8AS581675,87200,9/30/2018
23.9,4,119,97,2405,14.9,78,3,datsun 200-sx,3GNBAADB8AS581676,87300,10/1/2018
20.3,5,131,103,2830,15.9,78,2,audi 5000,3GNBAADB8AS581677,87400,10/2/2018
17,6,163,125,3140,13.6,78,2,volvo 264gl,3GNBAADB8AS581678,87500,10/3/2018
21.6,4,121,115,2795,15.7,78,2,saab 99gle,3GNBAADB8AS581679,87600,10/4/2018
16.2,6,163,133,3410,15.8,78,2,peugeot 604sl,3GNBAADB8AS581680,87700,10/5/2018
31.5,4,89,71,1990,14.9,78,2,volkswagen scirocco,3GNBAADB8AS581681,87800,10/6/2018
29.5,4,98,68,2135,16.6,78,3,honda accord lx,3GNBAADB8AS581682,87900,10/7/2018
21.5,6,231,115,3245,15.4,79,1,pontiac lemans v6,3GNBAADB8AS581683,88000,10/8/2018
19.8,6,200,85,2990,18.2,79,1,mercury zephyr 6,3GNBAADB8AS581684,88100,10/9/2018
22.3,4,140,88,2890,17.3,79,1,ford fairmont 4,3GNBAADB8AS581685,88200,10/10/2018
20.2,6,232,90,3265,18.2,79,1,amc concord dl 6,3GNBAADB8AS581686,88300,10/11/2018
20.6,6,225,110,3360,16.6,79,1,dodge aspen 6,3GNBAADB8AS581687,88400,10/12/2018
17,8,305,130,3840,15.4,79,1,chevrolet caprice classic,3GNBAADB8AS581688,88500,10/13/2018
17.6,8,302,129,3725,13.4,79,1,ford ltd landau,3GNBAADB8AS581689,88600,10/14/2018
16.5,8,351,138,3955,13.2,79,1,mercury grand marquis,3GNBAADB8AS581690,88700,10/15/2018
18.2,8,318,135,3830,15.2,79,1,dodge st. regis,3GNBAADB8AS581691,88800,10/16/2018
16.9,8,350,155,4360,14.9,79,1,buick estate wagon (sw),3GNBAADB8AS581692,88900,10/17/2018
15.5,8,351,142,4054,14.3,79,1,ford country squire (sw),3GNBAADB8AS581693,89000,10/18/2018
19.2,8,267,125,3605,15,79,1,chevrolet malibu classic (sw),3GNBAADB8AS581694,89100,10/19/2018
18.5,8,360,150,3940,13,79,1,chrysler lebaron town @ country (sw),3GNBAADB8AS581695,89200,10/20/2018
31.9,4,89,71,1925,14,79,2,vw rabbit custom,3GNBAADB8AS581696,89300,10/21/2018
34.1,4,86,65,1975,15.2,79,3,maxda glc deluxe,3GNBAADB8AS581697,89400,10/22/2018
35.7,4,98,80,1915,14.4,79,1,dodge colt hatchback custom,3GNBAADB8AS581698,89500,10/23/2018
27.4,4,121,80,2670,15,79,1,amc spirit dl,3GNBAADB8AS581699,89600,10/24/2018
25.4,5,183,77,3530,20.1,79,2,mercedes benz 300d,3GNBAADB8AS581700,89700,10/25/2018
23,8,350,125,3900,17.4,79,1,cadillac eldorado,3GNBAADB8AS581701,89800,10/26/2018
27.2,4,141,71,3190,24.8,79,2,peugeot 504,3GNBAADB8AS581702,89900,10/27/2018
23.9,8,260,90,3420,22.2,79,1,oldsmobile cutlass salon brougham,3GNBAADB8AS581703,90000,10/28/2018
34.2,4,105,70,2200,13.2,79,1,plymouth horizon,3GNBAADB8AS581704,90100,10/29/2018
34.5,4,105,70,2150,14.9,79,1,plymouth horizon tc3,3GNBAADB8AS581705,90200,10/30/2018
31.8,4,85,65,2020,19.2,79,3,datsun 210,3GNBAADB8AS581706,90300,10/31/2018
37.3,4,91,69,2130,14.7,79,2,fiat strada custom,3GNBAADB8AS581707,90400,11/1/2018
28.4,4,151,90,2670,16,79,1,buick skylark limited,3GNBAADB8AS581708,90500,11/2/2018
28.8,6,173,115,2595,11.3,79,1,chevrolet citation,3GNBAADB8AS581709,90600,11/3/2018
26.8,6,173,115,2700,12.9,79,1,oldsmobile omega brougham,3GNBAADB8AS581710,90700,11/4/2018
33.5,4,151,90,2556,13.2,79,1,pontiac phoenix,3GNBAADB8AS581711,90800,11/5/2018
41.5,4,98,76,2144,14.7,80,2,vw rabbit,3GNBAADB8AS581712,90900,11/6/2018
38.1,4,89,60,1968,18.8,80,3,toyota corolla tercel,3GNBAADB8AS581713,91000,11/7/2018
32.1,4,98,70,2120,15.5,80,1,chevrolet chevette,3GNBAADB8AS581714,91100,11/8/2018
37.2,4,86,65,2019,16.4,80,3,datsun 310,3GNBAADB8AS581715,91200,11/9/2018
28,4,151,90,2678,16.5,80,1,chevrolet citation,3GNBAADB8AS581716,91300,11/10/2018
26.4,4,140,88,2870,18.1,80,1,ford fairmont,3GNBAADB8AS581717,91400,11/11/2018
24.3,4,151,90,3003,20.1,80,1,amc concord,3GNBAADB8AS581718,91500,11/12/2018
19.1,6,225,90,3381,18.7,80,1,dodge aspen,3GNBAADB8AS581719,91600,11/13/2018
34.3,4,97,78,2188,15.8,80,2,audi 4000,3GNBAADB8AS581720,91700,11/14/2018
29.8,4,134,90,2711,15.5,80,3,toyota corona liftback,3GNBAADB8AS581721,91800,11/15/2018
31.3,4,120,75,2542,17.5,80,3,mazda 626,3GNBAADB8AS581722,91900,11/16/2018
37,4,119,92,2434,15,80,3,datsun 510 hatchback,3GNBAADB8AS581723,92000,11/17/2018
32.2,4,108,75,2265,15.2,80,3,toyota corolla,3GNBAADB8AS581724,92100,11/18/2018
46.6,4,86,65,2110,17.9,80,3,mazda glc,3GNBAADB8AS581725,92200,11/19/2018
27.9,4,156,105,2800,14.4,80,1,dodge colt,3GNBAADB8AS581726,92300,11/20/2018
40.8,4,85,65,2110,19.2,80,3,datsun 210,3GNBAADB8AS581727,92400,11/21/2018
44.3,4,90,48,2085,21.7,80,2,vw rabbit c (diesel),3GNBAADB8AS581728,92500,11/22/2018
43.4,4,90,48,2335,23.7,80,2,vw dasher (diesel),3GNBAADB8AS581729,92600,11/23/2018
36.4,5,121,67,2950,19.9,80,2,audi 5000s (diesel),3GNBAADB8AS581730,92700,11/24/2018
30,4,146,67,3250,21.8,80,2,mercedes-benz 240d,3GNBAADB8AS581731,92800,11/25/2018
44.6,4,91,67,1850,13.8,80,3,honda civic 1500 gl,3GNBAADB8AS581732,92900,11/26/2018
40.9,4,85,?,1835,17.3,80,2,renault lecar deluxe,3GNBAADB8AS581733,93000,11/27/2018
33.8,4,97,67,2145,18,80,3,subaru dl,3GNBAADB8AS581734,93100,11/28/2018
29.8,4,89,62,1845,15.3,80,2,vokswagen rabbit,3GNBAADB8AS581735,93200,11/29/2018
32.7,6,168,132,2910,11.4,80,3,datsun 280-zx,3GNBAADB8AS581736,93300,11/30/2018
23.7,3,70,100,2420,12.5,80,3,mazda rx-7 gs,3GNBAADB8AS581737,93400,12/1/2018
35,4,122,88,2500,15.1,80,2,triumph tr7 coupe,3GNBAADB8AS581738,93500,12/2/2018
23.6,4,140,?,2905,14.3,80,1,ford mustang cobra,3GNBAADB8AS581739,93600,12/3/2018
32.4,4,107,72,2290,17,80,3,honda accord,3GNBAADB8AS581740,93700,12/4/2018
27.2,4,135,84,2490,15.7,81,1,plymouth reliant,3GNBAADB8AS581741,93800,12/5/2018
26.6,4,151,84,2635,16.4,81,1,buick skylark,3GNBAADB8AS581742,93900,12/6/2018
25.8,4,156,92,2620,14.4,81,1,dodge aries wagon (sw),3GNBAADB8AS581743,94000,12/7/2018
23.5,6,173,110,2725,12.6,81,1,chevrolet citation,3GNBAADB8AS581744,94100,12/8/2018
30,4,135,84,2385,12.9,81,1,plymouth reliant,3GNBAADB8AS581745,94200,12/9/2018
39.1,4,79,58,1755,16.9,81,3,toyota starlet,3GNBAADB8AS581746,94300,12/10/2018
39,4,86,64,1875,16.4,81,1,plymouth champ,3GNBAADB8AS581747,94400,12/11/2018
35.1,4,81,60,1760,16.1,81,3,honda civic 1300,3GNBAADB8AS581748,94500,12/12/2018
32.3,4,97,67,2065,17.8,81,3,subaru,3GNBAADB8AS581749,94600,12/13/2018
37,4,85,65,1975,19.4,81,3,datsun 210 mpg,3GNBAADB8AS581750,94700,12/14/2018
37.7,4,89,62,2050,17.3,81,3,toyota tercel,3GNBAADB8AS581751,94800,12/15/2018
34.1,4,91,68,1985,16,81,3,mazda glc 4,3GNBAADB8AS581752,94900,12/16/2018
34.7,4,105,63,2215,14.9,81,1,plymouth horizon 4,3GNBAADB8AS581753,95000,12/17/2018
34.4,4,98,65,2045,16.2,81,1,ford escort 4w,3GNBAADB8AS581754,95100,12/18/2018
29.9,4,98,65,2380,20.7,81,1,ford escort 2h,3GNBAADB8AS581755,95200,12/19/2018
33,4,105,74,2190,14.2,81,2,volkswagen jetta,3GNBAADB8AS581756,95300,12/20/2018
34.5,4,100,?,2320,15.8,81,2,renault 18i,3GNBAADB8AS581757,95400,12/21/2018
33.7,4,107,75,2210,14.4,81,3,honda prelude,3GNBAADB8AS581758,95500,12/22/2018
32.4,4,108,75,2350,16.8,81,3,toyota corolla,3GNBAADB8AS581759,95600,12/23/2018
32.9,4,119,100,2615,14.8,81,3,datsun 200sx,3GNBAADB8AS581760,95700,12/24/2018
31.6,4,120,74,2635,18.3,81,3,mazda 626,3GNBAADB8AS581761,95800,12/25/2018
28.1,4,141,80,3230,20.4,81,2,peugeot 505s turbo diesel,3GNBAADB8AS581762,95900,12/26/2018
30.7,6,145,76,3160,19.6,81,2,volvo diesel,3GNBAADB8AS581763,96000,12/27/2018
25.4,6,168,116,2900,12.6,81,3,toyota cressida,3GNBAADB8AS581764,96100,12/28/2018
24.2,6,146,120,2930,13.8,81,3,datsun 810 maxima,3GNBAADB8AS581765,96200,12/29/2018
22.4,6,231,110,3415,15.8,81,1,buick century,3GNBAADB8AS581766,96300,12/30/2018
26.6,8,350,105,3725,19,81,1,oldsmobile cutlass ls,3GNBAADB8AS581767,96400,12/31/2018
20.2,6,200,88,3060,17.1,81,1,ford granada gl,3GNBAADB8AS581768,96500,1/1/2019
17.6,6,225,85,3465,16.6,81,1,chrysler lebaron salon,3GNBAADB8AS581769,96600,1/2/2019
28,4,112,88,2605,19.6,82,1,chevrolet cavalier,3GNBAADB8AS581770,96700,1/3/2019
27,4,112,88,2640,18.6,82,1,chevrolet cavalier wagon,3GNBAADB8AS581771,96800,1/4/2019
34,4,112,88,2395,18,82,1,chevrolet cavalier 2-door,3GNBAADB8AS581772,96900,1/5/2019
31,4,112,85,2575,16.2,82,1,pontiac j2000 se hatchback,3GNBAADB8AS581773,97000,1/6/2019
29,4,135,84,2525,16,82,1,dodge aries se,3GNBAADB8AS581774,97100,1/7/2019
27,4,151,90,2735,18,82,1,pontiac phoenix,3GNBAADB8AS581775,97200,1/8/2019
24,4,140,92,2865,16.4,82,1,ford fairmont futura,3GNBAADB8AS581776,97300,1/9/2019
23,4,151,?,3035,20.5,82,1,amc concord dl,3GNBAADB8AS581777,97400,1/10/2019
36,4,105,74,1980,15.3,82,2,volkswagen rabbit l,3GNBAADB8AS581778,97500,1/11/2019
37,4,91,68,2025,18.2,82,3,mazda glc custom l,3GNBAADB8AS581779,97600,1/12/2019
31,4,91,68,1970,17.6,82,3,mazda glc custom,3GNBAADB8AS581780,97700,1/13/2019
38,4,105,63,2125,14.7,82,1,plymouth horizon miser,3GNBAADB8AS581781,97800,1/14/2019
36,4,98,70,2125,17.3,82,1,mercury lynx l,3GNBAADB8AS581782,97900,1/15/2019
36,4,120,88,2160,14.5,82,3,nissan stanza xe,3GNBAADB8AS581783,98000,1/16/2019
36,4,107,75,2205,14.5,82,3,honda accord,3GNBAADB8AS581784,98100,1/17/2019
34,4,108,70,2245,16.9,82,3,toyota corolla,3GNBAADB8AS581785,98200,1/18/2019
38,4,91,67,1965,15,82,3,honda civic,3GNBAADB8AS581786,98300,1/19/2019
32,4,91,67,1965,15.7,82,3,honda civic (auto),3GNBAADB8AS581787,98400,1/20/2019
38,4,91,67,1995,16.2,82,3,datsun 310 gx,3GNBAADB8AS581788,98500,1/21/2019
25,6,181,110,2945,16.4,82,1,buick century limited,3GNBAADB8AS581789,98600,1/22/2019
38,6,262,85,3015,17,82,1,oldsmobile cutlass ciera (diesel),3GNBAADB8AS581790,98700,1/23/2019
26,4,156,92,2585,14.5,82,1,chrysler lebaron medallion,3GNBAADB8AS581791,98800,1/24/2019
22,6,232,112,2835,14.7,82,1,ford granada l,3GNBAADB8AS581792,98900,1/25/2019
32,4,144,96,2665,13.9,82,3,toyota celica gt,3GNBAADB8AS581793,99000,1/26/2019
36,4,135,84,2370,13,82,1,dodge charger 2.2,3GNBAADB8AS581794,99100,1/27/2019
27,4,151,90,2950,17.3,82,1,chevrolet camaro,3GNBAADB8AS581795,99200,1/28/2019
27,4,140,86,2790,15.6,82,1,ford mustang gl,3GNBAADB8AS581796,99300,1/29/2019
44,4,97,52,2130,24.6,82,2,vw pickup,3GNBAADB8AS581797,99400,1/30/2019
32,4,135,84,2295,11.6,82,1,dodge rampage,3GNBAADB8AS581798,99500,1/31/2019
28,4,120,79,2625,18.6,82,1,ford ranger,3GNBAADB8AS581799,99600,2/1/2019
31,4,119,82,2720,19.4,82,1,chevy s-10,3GNBAADB8AS581800,99700,2/2/2019
